{"cameraMode":{"drawMode":0,"name":"Shaded","section":"Shading Mode"},"sceneLighting":true,"audioPlay":false,"sceneViewState":{"showFog":true,"showMaterialUpdate":false,"showSkybox":true,"showFlares":true,"showImageEffects":true,"showParticleSystems":true},"in2DMode":false,"pivot":{"x":12.294500350952149,"y":0.4936996102333069,"z":-0.6803247332572937},"rotation":{"x":0.018948441371321679,"y":0.7198617458343506,"z":-0.019667016342282296,"w":0.6935800313949585},"size":15.527950286865235,"orthographic":false}