{"cameraMode":{"drawMode":0,"name":"Shaded","section":"Shading Mode"},"sceneLighting":true,"audioPlay":false,"sceneViewState":{"showFog":true,"showMaterialUpdate":false,"showSkybox":true,"showFlares":true,"showImageEffects":true,"showParticleSystems":true},"in2DMode":false,"pivot":{"x":0.6022109985351563,"y":-4.119915008544922,"z":-0.33232975006103518},"rotation":{"x":0.44467371702194216,"y":-0.002696608193218708,"z":0.0013381594326347113,"w":0.8956875801086426},"size":21.198894500732423,"orthographic":false}