{"cameraMode":{"drawMode":0,"name":"Shaded","section":"Shading Mode"},"sceneLighting":true,"audioPlay":false,"sceneViewState":{"showFog":true,"showMaterialUpdate":false,"showSkybox":true,"showFlares":true,"showImageEffects":true,"showParticleSystems":true},"in2DMode":false,"pivot":{"x":4.793241500854492,"y":1.0853447914123536,"z":-2.8009443283081056},"rotation":{"x":-0.0056790513917803768,"y":0.9550687074661255,"z":-0.2957620620727539,"w":-0.01833929494023323},"size":10.644111633300782,"orthographic":false}